{"dropout_rate": 0.17821613468674738, "hidden_dim": 200.1891900868746, "lr": 0.001749254509189715, "num_layers": 4.896821639054704}